Model,Accuracy,Precision,Recall,F1-Score,ROC AUC
Random Forest,0.9944,0.996355242376382,0.9968396742433451,0.9965973994410013,0.9997559725035617
